Strategy,Prompt ID,Prompt,Output,Gen Time (s),Tokens Generated,Throughput (tok/s)
greedy,1,What are the key symptoms and diagnostic criteria for the condition?,"What are the key symptoms and diagnostic criteria for the condition? What are the most effective treatments? ▃ ▃ ▃ METHODS ▃ We searched the Cochrane Central Register of Controlled Trials (CENTRAL) (The Cochrane Library 2 0 1 0, Issue 1), MEDLINE (1 9 5 0 to March 2 0 1 0), EMBASE (1 9 8 0 to March 2 0 1 0), PsycINFO (1 8 0 6 to March 2 0 1 0), CINAHL (1 9 8 2 to March 2 0 1 0), LILACS (1 9 8 2 to March 2 0 1 0), and reference lists of articles. We also contacted experts in the field. ▃ ▃ ▃ RESULTS ▃ We included 1 1 studies involving 1 0 2 1 participants. The studies were of variable quality. The key symptoms of",16.67,150,9.0
greedy,2,Explain the treatment options and management strategies.,Explain the treatment options and management strategies. < / FREETEXT > < / ABSTRACT > ▃,0.93,10,10.81
greedy,3,What is the epidemiology and prevalence of this condition?,What is the epidemiology and prevalence of this condition? What is the natural history of this condition? What is the role of the radiologist in the diagnosis of this condition? What is the role of the radiologist in the management of this condition? What is the role of the radiologist in the follow-up of this condition? < / FREETEXT > < / ABSTRACT > ▃,7.75,63,8.13
beam_search,1,What are the key symptoms and diagnostic criteria for the condition?,What are the key symptoms and diagnostic criteria for the condition? < / FREETEXT > < / TITLE > ▃,15.8,10,0.63
beam_search,2,Explain the treatment options and management strategies.,Explain the treatment options and management strategies. < / FREETEXT > < / ABSTRACT > ▃,20.78,10,0.48
beam_search,3,What is the epidemiology and prevalence of this condition?,What is the epidemiology and prevalence of this condition? < / FREETEXT > < / PARAGRAPH > ▃ < PARAGRAPH > < FREETEXT > What are the clinical features of this condition? < / FREETEXT > < / PARAGRAPH > ▃ < PARAGRAPH > < FREETEXT > What is the prognosis of this condition? < / FREETEXT > < / PARAGRAPH > ▃ < PARAGRAPH > < FREETEXT > What are the treatment options for this condition? < / FREETEXT > < / PARAGRAPH > ▃ < PARAGRAPH > < FREETEXT > What are the potential complications of this condition? < / FREETEXT > < / PARAGRAPH > ▃ < PARAGRAPH > < FREETEXT > What is the role of genetic testing in this condition? < / FREETEXT > < / PARAGRAPH > ▃ < PARAGRAPH > < FREETEXT > What is the role of imaging in this condition? < / FREETEXT >,20.09,150,7.47
top_k,1,What are the key symptoms and diagnostic criteria for the condition?,What are the key symptoms and diagnostic criteria for the condition? < / FREETEXT > < / TITLE > ▃,0.51,10,19.51
top_k,2,Explain the treatment options and management strategies.,Explain the treatment options and management strategies. < / FREETEXT > < / TITLE > ▃,0.53,10,18.95
top_k,3,What is the epidemiology and prevalence of this condition?,What is the epidemiology and prevalence of this condition? Incidence of cerebral palsy. < / FREETEXT > < / TITLE > ▃,0.94,15,15.93
top_p,1,What are the key symptoms and diagnostic criteria for the condition?,"What are the key symptoms and diagnostic criteria for the condition? ▃ ▃ ▃ METHODS ▃ Systematic literature review (SLR) and qualitative interviews. ▃ ▃ ▃ RESULTS ▃ Many conditions are discussed as being on the same spectrum as the restless legs syndrome (RLS), but often considered different diagnoses. Several publications have focused on issues of differential diagnosis. A consensus statement from the American Academy of Sleep Medicine (AASM) has suggested an international standard for terminology and diagnostic criteria for RLS. However, there are a number of differences between the criteria proposed by the AASM and the ones used by the American College of Physicians (ACP), especially with regard to the use of 'atypical' diagnostic criteria such as a family history of RLS, periodic leg movements in sleep (PLMS) during wakefulness or sleep, sleep disturbances",7.12,150,21.08
top_p,2,Explain the treatment options and management strategies.,Explain the treatment options and management strategies. < / FREETEXT > < / ABSTRACT > ▃,0.48,10,20.77
top_p,3,What is the epidemiology and prevalence of this condition?,"What is the epidemiology and prevalence of this condition? What are the risk factors for developing chronic Lyme disease? What treatment options are available for this condition? What is the prognosis? How does chronic Lyme disease present clinically and what are the most effective diagnostic and treatment options for this condition? What is the prevalence of chronic Lyme disease in Australia? What are the major public health and clinical implications for this condition? What are the key messages of the Chronic Lyme Disease Guidelines for Health Professionals, and What are their implications for GPs? The guidelines provide a detailed summary of chronic Lyme disease and summarise the epidemiology, clinical features, diagnosis, treatment and public health aspects of this condition. < / FREETEXT > < / ABSTRACT > ▃",5.75,133,23.14
temperature_low,1,What are the key symptoms and diagnostic criteria for the condition?,What are the key symptoms and diagnostic criteria for the condition? What are the diagnostic criteria for the condition? What are the differential diagnoses for the condition? What are the main causes of the condition? What are the main treatment options for the condition? What are the main complications of the condition? What are the main financial implications for patients and the NHS? What are the main learning points for health professionals? What are the implications for patients? < / FREETEXT > < / ABSTRACT > ▃,4.43,85,19.18
temperature_low,2,Explain the treatment options and management strategies.,Explain the treatment options and management strategies. < / FREETEXT > < / ABSTRACT > ▃,0.52,10,19.36
temperature_low,3,What is the epidemiology and prevalence of this condition?,What is the epidemiology and prevalence of this condition? What is the natural history of this condition? What are the risk factors for developing this condition? What are the risk factors for developing complications of this condition? What is the prognosis for this condition? What are the treatment options? What are the complications of this condition? What are the treatment options? What are the long-term outcomes of this condition? What are the financial implications of this condition? What are the implications for the NHS? < / FREETEXT > < / ABSTRACT > ▃,4.13,97,23.51
temperature_med,1,What are the key symptoms and diagnostic criteria for the condition?,"What are the key symptoms and diagnostic criteria for the condition? What are the symptoms of delirium and the consequences it can have? What are the risk factors for delirium? What treatments are effective? What are the prognosis and outcome of delirium? What are the main causes of delirium? What are the differential diagnoses? What are the current policies and guidelines? What are the implications for practice? This review provides an overview of the main aspects of delirium, including causes, symptoms, diagnosis, prevention, treatment, prognosis and outcome. < / FREETEXT > < / ABSTRACT > ▃",4.24,101,23.81
temperature_med,2,Explain the treatment options and management strategies.,Explain the treatment options and management strategies. < / FREETEXT > < / ABSTRACT > ▃,0.65,10,15.49
temperature_med,3,What is the epidemiology and prevalence of this condition?,"What is the epidemiology and prevalence of this condition? What is the prognosis of this condition? What are the management strategies for this condition? What is the evidence for the effectiveness of treatments? What are the risk factors for this condition? We undertook a literature search of the following databases: MEDLINE, EMBASE, PubMed, Cochrane Central Register of Controlled Trials, and the Cochrane Database of Systematic Reviews. We included studies reporting the prevalence, incidence, mortality, risk factors, clinical features, and treatment of this condition. ▃ ▃ ▃ RESULTS ▃ We included 2 1 articles reporting 9 0 4 cases of primary spinal epidural lymphoma. The mean age of patients at diagnosis was 5 3. 9 years. The male-to-female ratio was 1: 1. 5. The most common presenting symptom was back or neck pain.",7.22,150,20.78
temperature_high,1,What are the key symptoms and diagnostic criteria for the condition?,"What are the key symptoms and diagnostic criteria for the condition? < / FREETEXT > < / TITLE > ▃ < ABSTRACT > < FREETEXT > Attention deficit / hyperactivity disorder (ADHD) is a common neuropsychological condition with characteristic physiological and psychosocial symptoms. At its core, it causes frequent disruption in the child's social, emotional and academic functioning. The disorder often causes significant levels of morbidity in those diagnosed, therefore a rapid diagnosis is mandatory. The core diagnostic criteria include all of the following symptoms: (a) a pervasive state of hyperactivity, a deficit in inhibition, and poor concentration; (b) impairment in self-concept and a deficit in school performance. Children who have symptoms that fall below the diagnosis may or may not be symptomatic and are often described as having an attention problems. Diagnostic instruments assist practitioners with diagnosis but will",6.4,150,23.45
temperature_high,2,Explain the treatment options and management strategies.,Explain the treatment options and management strategies. < / FREETEXT > < / TITLE > ▃ < ABSTRACT > < FREETEXT > Malignant salivary duct carcinoma (MDSCC) and myoepithelial carcinoma are two uncommon high grade invasive high grade tumours with morphological resemblance. Both tumours are aggressive with regional and distant metastases potential. The current therapeutic modalities including chemotherapy and radiotherapy have met their limited success. Here we report a 7 7-year-old woman with a long standing slowly progressing mass on lower pole of left parotid without evidence of local invasion or distant metastases. She refused surgical excision and has been conservatively managed using the radiation with systemic targeted therapy against HER 2 receptor overexpression as an alternative management scheme over many years without evidence of tumour progression. The case emphasizes the importance of a better understanding of novel biomarkers that facilitate rational therapy and better,9.86,150,15.21
temperature_high,3,What is the epidemiology and prevalence of this condition?,"What is the epidemiology and prevalence of this condition? And who should be at risk – adult men? Is there a predisposition for familial incidence and risk factors? < / FREETEXT > < / PARAGRAPH > ▃ < PARAGRAPH > < FREETEXT > Why should physicians counsel all MSM on the association of HPV infection to anogenital disease, particularly anogenital premalignant lesions that may or may not progress? Is infection preventable for most men through vaccination strategies that provide them protection over decades beyond the vaccine life span? Are there any other measures that could help ameliorate the burden of HPV, especially anogenital HPV lesions on affected men? The HPV vaccines are a milestone of HPV treatment for millions of patients every year worldwide. As we expand knowledge of HPV and the biology of oncogenic genotypes, we are now confronted with an exciting prospect of",7.35,150,20.41
